"facture_id","numero","client","date_facturation","date_echeance","hors_taxes","total","statut_paiement","statut","articles"
1737,"FAC/2026/00004","CDS","2026-08-29","2026-08-29",58.050,68.890,"Non payées","Comptabilisé","Photocopie | Photocopie A3 | timbre | Tirage Couleur"
1533,"FAC/2026/00003","CDS","2026-04-22","2026-04-22",29.900,35.391,"Payé","Comptabilisé","Photocopie | Photocopie A3 | SPIRALE | Timbre"
1214,"FAC/2026/00002","CDS","2026-02-05","2026-02-05",85.200,101.198,"Non payées","Comptabilisé","Photocopie | Timbre"
1112,"FAC/2026/00001","STE MOBILE STATION SALES","2026-01-04","2026-01-04",901.000,1073.000,"Payé","Comptabilisé","Pack Silver"
978,"FAC/2025/00005","Amina Derbel","2025-12-15","2025-12-15",28.000,28.000,"Payé","Comptabilisé","Abonnement 7 J journée complet"
827,"FAC/2025/00004","Emna Zouch","2025-11-04","2025-11-04",80.000,80.000,"Payé","Comptabilisé","Abonnement 30 J journée complet"
818,"FAC/2025/00003","Nour Houda Masmoudi","2025-11-02","2025-11-02",28.000,28.000,"Payé","Comptabilisé","Abonnement 7 J journée complet"
553,"FAC/2025/00002","ASSOCIA MED","2025-07-21",NULL,33.000,40.270,"Payé","Comptabilisé","Location salle pour révision"
690,"Brouillon","STE MOBILE STATION SALES",NULL,"2025-09-28",901.000,1073.000,"Non payées","Brouillon","Domiciliation"
