"nom_produit","categorie_pos","prix_vente","type_article","peut_etre_vendu","peut_etre_achete","disponible_en_caisse","est_actif","date_creation"
"Abonnement 10 Mois journée complet","Bibliotheque",808.00,"service",True,True,True,True,"2025-08-13 19:17:33.603012"
"Abonnement 14 J journée complet","Bibliotheque",48.00,"service",True,True,True,True,"2025-01-05 17:06:24.21024"
"Abonnement 2 Mois Journée Complet",NULL,148.00,"consu",True,True,False,True,"2026-04-09 14:54:11.476848"
"Abonnement 30 J journée complet","Bibliotheque",88.00,"service",True,True,True,True,"2025-01-05 17:07:00.203715"
"Abonnement 6 Mois journée complet","Bibliotheque",488.00,"service",True,True,True,True,"2025-08-13 19:16:37.270527"
"Abonnement 7 J Demi-journée","Bibliotheque",24.00,"service",True,True,True,True,"2025-01-05 17:05:47.940541"
"Abonnement 7 J journée complet","Bibliotheque",28.00,"service",True,True,True,True,"2025-04-26 17:18:09.931669"
"Abonnement 90 J journée complet","Bibliotheque",248.00,"service",True,True,True,True,"2025-08-13 19:15:38.055134"
"Abonnement Demi-Journée (JOUR)","Bibliotheque",5.00,"service",True,True,True,True,"2025-01-05 17:05:21.588728"
"Abonnement Demi-Journée (Nuit)","Bibliotheque",5.00,"service",True,True,True,True,"2025-04-08 18:59:39.454336"
"Abonnement Journée Complet","Bibliotheque",8.00,"service",True,True,True,True,"2025-04-08 19:00:39.370512"
"Abonnement Journée Complet été","Bibliotheque",6.00,"service",True,True,False,True,"2026-06-09 21:08:38.032713"
"Allongé","Buvette",1.70,"consu",True,True,True,True,"2026-02-19 21:26:10.331466"
"American","Buvette",1.70,"consu",True,True,True,True,"2025-08-13 19:09:58.056124"
"Aura","Buvette",1.00,"product",True,True,False,True,"2026-04-11 11:10:04.309274"
"Barquette","Buvette",1.00,"product",False,True,False,True,"2026-02-19 21:06:05.567091"
"Bi-créme","Buvette",0.90,"product",True,True,False,True,"2025-01-05 16:52:21.066998"
"Bis Maxon CACAO","Buvette",1.80,"product",True,True,False,True,"2025-03-02 21:30:51.538447"
"Bnino","Buvette",1.20,"product",True,True,False,True,"2025-01-05 17:01:00.436352"
"Bonbon","Buvette",0.20,"product",True,True,True,True,"2025-11-02 20:37:08.104951"
"Bounty","Buvette",2.50,"product",True,True,False,True,"2025-02-19 20:36:31.48029"
"Brownies","Buvette",1.20,"product",True,True,True,True,"2025-04-26 11:03:22.118857"
"Bubble Gum","Buvette",0.20,"product",True,True,True,True,"2026-05-16 15:36:32.271626"
"Café glacé caramel","Buvette",4.50,"consu",True,True,True,True,"2025-08-21 18:44:23.884831"
"Cake","Buvette",1.00,"product",True,True,False,True,"2026-01-16 20:30:41.315638"
"Cappuccin","Buvette",2.00,"consu",True,True,True,True,"2025-01-05 17:52:30.475657"
"Capsule","Buvette",1.00,"product",True,True,True,True,"2025-11-02 20:30:11.756383"
"Chips-UP Petit","Buvette",1.40,"product",True,True,False,True,"2025-01-05 16:59:38.478408"
"Chips Up Grand","Buvette",3.65,"product",True,True,True,True,"2025-01-05 16:57:45.797232"
"Choco Time","Buvette",0.30,"product",True,True,True,True,"2026-04-11 11:32:12.409733"
"chocolat chaud","Buvette",3.50,"consu",True,True,True,True,"2026-02-19 21:20:46.131636"
"chocolat lait","Buvette",3.00,"consu",True,True,True,True,"2026-02-19 21:27:26.240962"
"Chocolat Maestro","Buvette",5.00,"product",True,True,False,True,"2026-02-14 15:10:17.631865"
"CIN","Impression",0.50,"service",True,True,True,True,"2026-04-02 22:11:22.047259"
"Club","Buvette",2.00,"product",True,True,False,True,"2025-01-05 16:58:26.544047"
"Communication",NULL,1.00,"service",False,False,False,True,"2026-02-03 19:01:04.120147"
"Cookies","Buvette",3.30,"product",True,True,True,True,"2025-02-19 20:34:26.589116"
"Crayon","Fourniture",1.30,"product",True,True,True,True,"2025-07-27 09:58:46.905468"
"Crispo","Buvette",1.50,"product",True,True,True,True,"2026-01-16 20:36:59.537714"
"Croquette","Buvette",1.80,"product",True,True,False,True,"2025-11-02 20:18:34.70455"
"DCROC","Buvette",2.50,"product",True,True,True,True,"2025-03-02 21:28:19.69636"
"Direct","Buvette",2.50,"consu",True,True,True,True,"2025-01-05 17:53:43.446746"
"Remise",NULL,0.00,"consu",True,False,False,True,"2025-01-05 16:42:46.882712"
"Domiciliation",NULL,1.00,"consu",True,True,False,True,"2025-09-28 20:41:42.141956"
"Dos caramel","Buvette",1.00,"product",True,True,False,True,"2026-01-16 20:38:54.337843"
"Double Express","Buvette",2.50,"consu",True,True,True,True,"2026-02-19 21:22:54.690321"
"Acompte (PdV)",NULL,0.00,"service",True,False,True,True,"2025-10-09 19:22:27.827974"
"Eau 0.5L","Buvette",0.70,"product",True,True,True,True,"2025-01-05 17:01:32.131258"
"Eau 1.5L","Buvette",1.00,"product",True,True,True,True,"2025-01-05 17:01:59.012072"
"Eventail","Buvette",2.50,"product",True,True,False,True,"2026-04-11 11:47:37.170872"
"Express","Buvette",1.50,"consu",True,True,True,True,"2025-01-05 17:54:00.376621"
"Falfoul","Buvette",0.60,"product",True,True,True,True,"2026-04-11 11:20:12.098797"
"Feuille vierge A4","Impression",0.10,"consu",True,True,True,True,"2025-01-18 13:04:36.722938"
"Florida","Buvette",0.80,"product",True,True,True,True,"2025-01-05 16:53:31.717777"
"Fondant","Buvette",3.00,"product",True,True,False,True,"2026-02-19 21:04:19.474329"
"Fourré","Buvette",1.90,"product",True,True,False,True,"2025-01-05 16:55:16.898191"
"Fourre lait","Buvette",2.50,"product",True,True,True,True,"2026-01-10 12:57:54.337743"
"Gaufrette chokotom","Buvette",2.00,"product",True,True,True,True,"2025-01-05 16:51:21.003882"
"Cadeaux",NULL,1.00,"service",False,False,False,True,"2026-02-03 19:01:04.120147"
"Gomme","Fourniture",1.30,"product",True,True,True,True,"2025-07-27 09:59:29.458396"
"Goublet","Buvette",0.10,"product",True,True,True,True,"2025-11-29 12:43:14.561019"
"Jus d'orange","Buvette",1.80,"consu",True,True,False,True,"2025-01-05 18:14:51.654145"
"Kaki","Buvette",0.50,"product",True,True,True,True,"2026-02-14 14:43:13.608764"
"Kids","Buvette",0.90,"product",True,True,False,True,"2025-01-05 16:59:05.454189"
"Kyufi","Buvette",1.70,"product",True,True,True,True,"2026-04-28 18:31:39.01138"
"Laid Chaud","Buvette",1.50,"consu",True,True,True,True,"2026-02-19 21:28:20.085774"
"Lingette","Buvette",1.70,"product",True,True,True,True,"2026-02-14 15:06:29.857459"
"Location Salle / 1H","Bibliotheque",10.00,"service",True,True,True,True,"2025-01-18 12:44:17.329437"
"Location salle 3","Bibliotheque",20.00,"service",True,True,True,True,"2025-01-11 20:42:28.569037"
"Location salle pour révision",NULL,1.00,"consu",True,True,False,True,"2025-08-21 18:55:20.345175"
"Location Salle1","Bibliotheque",25.00,"service",True,True,True,True,"2025-01-11 20:42:54.903442"
"Loopi","Buvette",2.00,"product",True,True,False,True,"2026-02-14 15:14:17.427691"
"Repas",NULL,1.00,"service",False,False,False,True,"2026-02-03 19:01:04.120147"
"Kilométrage",NULL,1.00,"service",False,False,False,True,"2026-02-03 19:01:04.120147"
"Mini-croquette","Buvette",0.90,"product",True,True,False,True,"2025-01-05 16:52:50.94901"
"Mini-Tuc","Buvette",1.20,"product",True,True,True,True,"2025-01-05 16:57:14.05955"
"Momento","Buvette",1.60,"product",True,True,False,True,"2025-04-26 11:07:16.066901"
"Moon cake","Buvette",1.00,"product",True,True,False,True,"2025-01-05 16:54:06.561226"
"Moucatchino","Buvette",3.00,"consu",True,True,True,True,"2026-02-19 21:19:49.7052"
"Mouchoir","Buvette",0.50,"product",True,True,True,True,"2025-01-05 17:00:10.045179"
"Orangina","Buvette",2.00,"product",True,True,False,True,"2025-04-26 11:11:58.788771"
"Autres",NULL,1.00,"service",True,True,False,True,"2026-02-03 19:01:04.120147"
"Pack 1","Bibliotheque",6.50,"product",True,True,True,True,"2026-02-19 21:06:30.539868"
"Pack 2","Bibliotheque",7.50,"product",True,True,True,True,"2026-02-19 21:07:48.099623"
"Pack Bronze","Bibliotheque",540.00,"service",True,True,True,True,"2025-12-02 18:32:53.953553"
"Pack fondant + Café","Buvette",4.50,"product",True,True,False,True,"2026-02-19 21:04:43.264687"
"Pack Gold","Bibliotheque",1320.00,"service",True,True,True,True,"2025-12-02 18:33:41.054341"
"Pack Silver","Bibliotheque",900.00,"service",True,True,True,True,"2025-12-02 18:32:57.56796"
"Panini","Buvette",3.00,"product",True,True,False,True,"2025-01-05 17:02:49.300343"
"Petit beurres","Buvette",2.50,"product",True,True,False,True,"2025-02-19 20:38:12.30672"
"Photocopie","Impression",0.15,"service",True,True,True,True,"2025-01-05 17:04:43.068258"
"Photocopie A3",NULL,0.00,"consu",True,True,False,True,"2026-04-21 23:02:24.426025"
"PS4 (FIFA/PRO)","Fourniture",2.00,"service",True,True,True,True,"2026-04-26 09:57:43.53439"
"Recharge porte mine","Fourniture",2.30,"product",True,True,True,True,"2025-07-27 10:00:40.779231"
"Sablito","Buvette",2.50,"product",True,True,True,True,"2025-01-05 18:13:24.481309"
"Snappy","Buvette",1.50,"product",True,True,True,True,"2026-05-09 20:57:32.251379"
"Snapy Croissant","Buvette",1.50,"product",True,True,False,True,"2025-11-02 20:28:12.76236"
"Soda","Buvette",2.00,"product",True,True,True,True,"2025-01-05 17:02:26.565558"
"SPIRALE",NULL,0.00,"consu",True,True,False,True,"2026-04-21 23:00:33.258162"
"Star","Buvette",1.80,"product",False,True,False,True,"2025-01-05 16:56:29.922407"
"Stylo Bleu","Fourniture",1.50,"product",True,True,True,True,"2025-07-27 09:28:53.992436"
"Stylo Noir","Fourniture",1.50,"product",True,True,True,True,"2025-07-27 09:57:17.49045"
"Stylo Rouge","Fourniture",1.50,"product",True,True,True,True,"2025-07-27 09:55:39.505557"
"Stylo Vert","Fourniture",1.50,"product",True,True,True,True,"2025-07-27 09:53:39.087359"
"Supplément nuit","Bibliotheque",3.00,"consu",True,True,True,True,"2025-04-26 17:15:34.534735"
"Taralli","Buvette",1.70,"product",True,True,True,True,"2026-08-27 13:09:53.947746"
"Tartelettes Saida","Buvette",2.50,"product",True,True,False,True,"2026-04-11 11:50:24.529427"
"TCM","Buvette",0.80,"product",False,False,False,True,"2025-01-05 16:55:56.867811"
"timbre",NULL,1.00,"consu",True,True,False,True,"2026-08-29 10:29:17.2024"
"Timbre",NULL,1.00,"consu",True,True,False,True,"2026-02-05 22:43:36.695914"
"Pourboires",NULL,1.00,"consu",True,True,False,True,"2025-01-05 16:42:46.882712"
"Tirage Blanc et Noir","Impression",0.20,"service",True,True,True,True,"2025-01-05 17:03:45.733929"
"Tirage Couleur","Impression",0.35,"service",True,True,True,True,"2025-01-05 17:04:17.802923"
"Top Kaki","Buvette",0.50,"product",True,True,True,True,"2026-01-10 12:54:28.136586"
"Voyage & Hébergement",NULL,1.00,"service",False,False,False,True,"2026-02-03 19:01:04.120147"
"Tropico","Buvette",1.40,"product",True,True,True,True,"2025-01-05 17:00:36.245735"
"Tungo Saida","Buvette",2.00,"product",True,True,True,True,"2026-04-11 11:53:03.671931"
