"reference_vente","client_nom","nom_du_produit","texte_ou_description_article","note","amount_total","email"
"S00260","Edam neji","Abonnement 30 J journée complet","DU 07/10/2026 AU 05/11/2026",NULL,88.000,"edamneji8@gmail.com"
"S00258","Ahmed Kouba","Abonnement 7 J Demi-journée","DU 01/10/2026 AU 07/10/2026",NULL,24.000,NULL
"S00257","Mohamed Aziz Riahi","Abonnement 90 J journée complet","DU 30/09/2026 AU 28/01/2027","<p>OFFRE CHIKHA 2 : 3 Mois + 1 Mois Gratuit&nbsp;</p>",248.000,"azizriahi365@gmail.com"
"S00256","Mariem Kobbi","Abonnement 7 J Demi-journée","DU 29/09/2026 AU 05/10/2026",NULL,24.000,"mariemkobbi54@gmail.com"
"S00255","Rayen Trabelsi","Abonnement 14 J journée complet","DU 27/09/2026 AU 10/10/2026",NULL,48.000,"rayentrabelsi1234@gmail.com"
"S00254","Zayd Zouari","Abonnement 90 J journée complet","DU 27/09/2026 AU 25/01/2027","<p>OFFRE CHIKHA 2 : 3 Mois + 1 Mois Gratuit</p>",248.000,"zaidzouari@gmail.com"
"S00253","Amina Derbel","Abonnement 90 J journée complet","DU 18/09/2026 AU 16/01/2027 ","<p>OFFRE CHIKHA 2 : 3 Mois + 1 Mois Gratuit</p>",248.000,"aminaderbel123@gmail.com"
"S00252","Molka Trabelsi","Abonnement 30 J journée complet","DU 21/09/2026 AU 20/10/2026",NULL,88.000,"molka.trabelsi.97@gmail.com"
"S00251","Ahlem Louati","Abonnement 30 J journée complet","DU 18/09/2026 AU 17/10/2026",NULL,88.000,NULL
"S00250","Achraf Chefi","Abonnement 30 J journée complet","DU  14/09/2026 AU 13/10/2026",NULL,88.000,"achrafcheffi55@gmail.com"
"S00249","Melek Ben Chikha","Abonnement 30 J journée complet","DU  14/09/2026 AU 13/10/2026",NULL,88.000,"melekbenchikha@gmail.com"
"S00248","Ahlem Louati","Abonnement 30 J journée complet","DU 10/08/2026 AU 12/09/2026",NULL,88.000,NULL
"S00247","Mohamed Aziz Riahi","Abonnement 30 J journée complet","DU 08/08/2026 AU 11/09/2026",NULL,88.000,"azizriahi369@gmail.com"
"S00246","Mohamed Aziz Riahi","Abonnement 30 J journée complet","DU 06/07/2026 AU 08/08/2026",NULL,88.000,"azizriahi369@gmail.com"
"S00245","Ahlem Louati","Abonnement 30 J journée complet","DU 06/07/2026 AU 08/08/2026",NULL,88.000,NULL
"S00243","Rahma Dhouib","Abonnement 14 J journée complet","DU 10/06/2026 AU 23/06/2026",NULL,48.000,NULL
"S00242","Rayen Behi","Abonnement 14 J journée complet","DU 29/05/2026 AU 11/06/2026",NULL,48.000,"rayenbehi9@gmail.com"
"S00241","Mariam chtioui","Abonnement 7 J journée complet","DU 05/06/2026 AU 11/06/2026",NULL,28.000,"mariemchtioui123@gmail.com"
"S00240","Ahlem Louati","Abonnement 30 J journée complet","DU 05/06/2026 AU 04/07/2026",NULL,88.000,NULL
"S00239","Sirine Ben Romdhane","Abonnement 7 J journée complet","DU 04/06/2026 AU 10/06/2026",NULL,28.000,"sirinebenromdhane41@gmail.com"
"S00238","Yessine Mesfar","Abonnement 7 J journée complet","DU 02/06/2026 AU 08/06/2026",NULL,28.000,"yessinemesfar3@gmail.com"
"S00237","Rahma Dhouib","Abonnement 7 J journée complet","DU 02/06/2026 AU 08/06/2026",NULL,28.000,NULL
"S00236","Yessin Weda","Abonnement 30 J journée complet","DU 11/05/2026 AU 09/06/2026",NULL,88.000,"wedayessin@gmail.com"
"S00235","Firas Hdidar","Abonnement 7 J journée complet","DU 30/05/2026 AU 05/06/2026",NULL,28.000,"halimabenchikha55@gmail.com"
"S00234","Habib Dridi","Abonnement 7 J journée complet","DU 29/05/2026 AU 04/06/2026",NULL,28.000,"habibdridi2909@gmail.com"
"S00233","Farah Khribi","Abonnement 7 J journée complet","DU 30/05/2026 AU 05/06/2026",NULL,28.000,"jamilags35@gmail.com"
"S00232","Sabrine Ghorbel","Abonnement 7 J journée complet","DU 30/05/2026 AU 04/06/2026",NULL,28.000,"sabrineghorbel@gmail.com"
"S00231","Edam Abouda","Abonnement 7 J journée complet","DU 29/05/2026 AU 04/06/2026",NULL,28.000,"edamabouda59@gmail.com"
"S00230","Mariam chtioui","Abonnement 7 J journée complet","DU 29/05/2026 AU 04/06/2026",NULL,28.000,"mariemchtioui123@gmail.com"
"S00229","Ali Msaed","Abonnement 7 J journée complet","DU 29/05/2026 AU 04/06/2026",NULL,28.000,"alimsaed764@gmail.com"
"S00228","Eya Abouda","Abonnement 7 J journée complet","DU 28/05/2026 AU 03/06/2026",NULL,28.000,"eyaabouda63@gmail.com"
"S00227","Eya Abidi","Abonnement 7 J journée complet","DU 28/05/2026 AU 03/06/2026",NULL,28.000,"ayaabidi934567@gmail.com"
"S00226","Ranim Masmoudi","Abonnement 7 J journée complet","DU 28/05/2026 AU 03/06/2026",NULL,28.000,"masmoudiranim@gmail.com"
"S00225","Ahmed Derbel","Abonnement 7 J journée complet","DU 15/05/2026 AU 21/05/2026",NULL,28.000,"derbelahmed011@gmail.com"
"S00224","Youssef Ouarda","Abonnement 7 J journée complet","DU 25/05/2026 AU 31/05/2026",NULL,28.000,"youssefwerda06@gmail.com"
"S00223","Yosr Abid","Abonnement 7 J journée complet","DU 24/05/2026 AU 30/05/2026",NULL,28.000,"abidyosr4@gmail.com"
"S00222","Aicha Kammoun","Abonnement 14 J journée complet","DU 24/05/2026 AU 06/06/2026",NULL,48.000,NULL
"S00221","Firas Hdidar","Abonnement 7 J journée complet","DU 23/05/2026 AU 29/05/2026",NULL,28.000,"halimabenchikha55@gmail.com"
"S00220","Yessine Mesfar","Abonnement 7 J journée complet","DU 24/05/2026 AU 30/05/2026",NULL,28.000,"yessinemesfar3@gmail.com"
"S00219","Rayen Behi","Abonnement 7 J journée complet","DU 22/05/2026  AU 28/05/2026",NULL,28.000,"rayenbehi9@gmail.com"
"S00218","Sabrine Ghorbel","Abonnement 7 J journée complet","DU 22/05/2026 AU 28/05/2026",NULL,28.000,"sabrineghorbel@gmail.com"
"S00217","Firas Hdidar","Abonnement 14 J journée complet","DU 23/05/2026 AU 05/06/2026",NULL,0.000,"halimabenchikha55@gmail.com"
"S00216","Habib Dridi","Abonnement 7 J journée complet","DU 22/05/2026  AU 28/05/2026",NULL,28.000,"habibdridi2909@gmail.com"
"S00215","Ali Msaed","Abonnement 7 J journée complet","DU 22/05/2026  AU 28/05/2026",NULL,28.000,"alimsaed764@gmail.com"
"S00214","Mariam chtioui","Abonnement 7 J journée complet","DU 22/05/2026  AU 28/05/2026",NULL,28.000,"mariemchtioui123@gmail.com"
"S00213","Ranim Masmoudi","Abonnement 7 J journée complet","DU 20/05/2026 AU 26/05/2026",NULL,28.000,"masmoudiranim@gmail.com"
"S00212","Eya Abidi","Abonnement 7 J journée complet","DU 20/05/2026 AU 26/05/2026",NULL,28.000,"ayaabidi934567@gmail.com"
"S00211","Edam Abouda","Abonnement 7 J journée complet","DU 19/05/2026 AU 25/05/2026",NULL,28.000,"edamabouda59@gmail.com"
"S00210","Amina Derbel","Abonnement 7 J journée complet","DU 14/05/2026 AU  20/05/2026",NULL,28.000,"aminaderbel123@gmail.com"
"S00209","Saoussan Aydi","Abonnement 14 J journée complet","DU 19/05/2026 AU 01/06/2026",NULL,48.000,"aidi-nis@yahoo.fr"
"S00208","Emna Masmoudi","Abonnement 7 J journée complet","DU 18/05/2026 AU 24/05/2026",NULL,28.000,"masmoudiemna@gmail.com"
"S00207","Grati Ahmed","Abonnement 7 J Demi-journée","DU 18/05/2026 AU 24/05/2026",NULL,24.000,"ahmedgrati001@gmail.com"
"S00206","Amina Ben Jmeaa","Abonnement 7 J journée complet","DU 18/05/2026 AU 24/05/2026",NULL,28.000,"aminabenjmeaa08@icloud.com"
"S00205","Mohammed Masmoudi","Abonnement 7 J journée complet","DU 18/05/2026 AU 24/05/2026",NULL,28.000,"masmoudi.mohamed01@icloud.com"
"S00204","Khadija Baklouti","Abonnement 7 J journée complet","DU 19/05/2026 AU 25/05/2026",NULL,28.000,"bakloutikhadija48@gmail.com"
"S00203","Eya Abouda","Abonnement 7 J journée complet","DU 18/05/2026 AU 24/05/2026",NULL,28.000,"eyaabouda63@gmail.com"
"S00202","Sabrine Ghorbel","Abonnement 7 J journée complet","DU 15/05/2026 AU 21/05/2026",NULL,28.000,"sabrineghorbel@gmail.com"
"S00201","Emna Jerbi","Abonnement 7 J journée complet","DU 17/05/2025 AU 23/05/2026",NULL,28.000,NULL
"S00200","Rayen Behi","Abonnement 7 J journée complet","DU 15/05/2026 AU 21/05/2026",NULL,28.000,"rayenbehi9@gmail.com"
"S00199","Firas Hdidar","Abonnement 7 J journée complet","DU 16/05/2026 AU 22/05/2026",NULL,28.000,"halimabenchikha55@gmail.com"
"S00198","Aziz Neji","Abonnement 7 J journée complet","DU 15/05/2026 AU 21/05/2026",NULL,28.000,"nejimedaziz58@gmail.com"
"S00197","Habib Dridi","Abonnement 7 J journée complet","DU 15/05/2026 AU 21/05/2026",NULL,28.000,"habibdridi2909@gmail.com"
"S00196","Eya Htiouch","Abonnement 7 J journée complet","DU 15/05/2026 AU 21/005/2026",NULL,28.000,"ayoutahht20@gmail.com"
"S00195","Yassmine Masmoudi","Abonnement 7 J journée complet","DU 15/05/2026 AU 21/005/2026",NULL,28.000,NULL
"S00194","Mariam chtioui","Abonnement 7 J journée complet","DU 15/05/2026 AU 21/005/2026",NULL,28.000,"mariemchtioui123@gmail.com"
"S00193","Ali Msaed","Abonnement 7 J journée complet","DU 15/05/2026 AU 21/005/2026",NULL,28.000,"alimsaed764@gmail.com"
"S00192","Youssef Jardak","Abonnement 7 J journée complet","DU 13/05/2026 AU 19/05/2026",NULL,28.000,"youssefjardak6@gmail.com"
"S00191","Aydi Mouayed","Abonnement 14 J journée complet","DU 14/05/2026  AU 27/05/2026",NULL,48.000,"tornado123ggpolice@gmail.com"
"S00190","Ranim Masmoudi","Abonnement 7 J journée complet","DU 13/05/2026 AU 19/05/2026",NULL,28.000,"masmoudiranim@gmail.com"
"S00189","Hiba Chekir","Abonnement 7 J Demi-journée","DU 12/05/2026 AU 18/05/2026",NULL,24.000,"houbachekir123@gmail.com"
"S00188","Jamila Gassara","Abonnement 7 J journée complet","DU 12/05/2026 AU 18/05/2026",NULL,28.000,"jamilags35@gmail.com"
"S00187","Farah Khribi","Abonnement 7 J journée complet","DU 12/05/2026 AU 18/05/2026",NULL,28.000,"jamilags35@gmail.com"
"S00186","Rahma Dhouib","Abonnement 7 J journée complet","DU 12/05/2026 AU 18/05/2026",NULL,28.000,NULL
"S00185","Khadija Baklouti","Abonnement 7 J journée complet","DU 12/05/2026 AU 18/05/2026",NULL,28.000,"bakloutikhadija48@gmail.com"
"S00184","Emna Chaari","Abonnement 7 J journée complet","DU 11/05/2026 AU 17/05/2026",NULL,28.000,"chaariemna00@icloud.com"
"S00183","Youssef Ouarda","Abonnement 14 J journée complet","DU 11/05/2026 AU 24/05/2026",NULL,48.000,"youssefwerda06@gmail.com"
"S00182","Emna Jerbi","Abonnement 7 J journée complet","DU 10/05/2026 AU 16/05/2026",NULL,28.000,NULL
"S00181","Yessine Mesfar","Abonnement 14 J journée complet","DU 10/05/2026 AU 23/05/2026",NULL,48.000,"yessinemesfar3@gmail.com"
"S00180","Emna Masmoudi","Abonnement 7 J journée complet","DU 10/05/2026 AU 16/05/2026",NULL,28.000,"masmoudiemna@gmail.com"
"S00179","Grati Ahmed","Abonnement 7 J journée complet","DU 10/05/2026 AU 16/05/2026",NULL,28.000,"ahmedgrati001@gmail.com"
"S00178","Mohammed Masmoudi","Abonnement 7 J journée complet","DU 10/05/2026 AU 16/05/2026",NULL,28.000,"masmoudi.mohamed01@icloud.com"
"S00177","Rayen Trabelsi","Abonnement 7 J journée complet","DU 10/05/2026 AU 16/05/2026",NULL,28.000,"rayentrabelsi1234@gmail.com"
"S00176","Zayd Zouari","Abonnement 14 J journée complet","DU 09/05/2026 AU 22/05/2026",NULL,48.000,"zaidzouari@gmail.com"
"S00175","Adam Ben Haj Selem","Abonnement 14 J journée complet","DU 09/05/2026 AU 22/05/2026",NULL,48.000,"adamhadil2322@gmail.com"
"S00174","Firas Hdidar","Abonnement 7 J journée complet","DU 09/05/2026 AU 15/05/2026",NULL,28.000,"halimabenchikha55@gmail.com"
"S00173","Taha Derbel","Abonnement 7 J journée complet","DU 09/05/2026 AU 15/05/2026",NULL,28.000,"derbeltaha060@gmail.com"
"S00172","Ahmed Smaoui","Abonnement 14 J journée complet","DU 29/04/2026 AU 12/05/2026",NULL,48.000,"ahmedsmaoui016@gmail.com"
"S00171","Habib Dridi","Abonnement 7 J journée complet","DU 08/05/2026 AU 14/05/2026",NULL,28.000,"habibdridi2909@gmail.com"
"S00170","Sabrine Ghorbel","Abonnement 7 J journée complet","DU 08/05/2026 AU 14/05/2026",NULL,28.000,"sabrineghorbel@gmail.com"
"S00169","Ali Msaed","Abonnement 7 J journée complet","DU 08/05/2026 AU 14/05/2026",NULL,28.000,"alimsaed764@gmail.com"
"S00168","Mariam chtioui","Abonnement 7 J journée complet","DU 08/05/2026 AU 14/05/2026",NULL,28.000,"mariemchtioui123@gmail.com"
"S00167","Aziz Neji","Abonnement 7 J journée complet","DU 07/05/2026 AU 13/05/2026",NULL,28.000,"nejimedaziz58@gmail.com"
"S00166","Rayen Behi","Abonnement 7 J journée complet","DU 07/05/2026 AU 13/05/2026",NULL,28.000,"rayenbehi9@gmail.com"
"S00165","Ahmed Derbel","Abonnement 14 J journée complet","DU 01/05/2026 AU 14/05/2026",NULL,48.000,"derbelahmed011@gmail.com"
"S00164","Ranim Masmoudi","Abonnement 7 J journée complet","DU 06/05/2026 AU 12/05/2026",NULL,28.000,"masmoudiranim@gmail.com"
"S00163","Eya Abidi","Abonnement 14 J journée complet","DU 06/05/2026 AU 19/05/2026",NULL,48.000,"ayaabidi934567@gmail.com"
"S00162","Jamila Gassara","Abonnement 7 J journée complet","DU 05/05/2026 AU 11/05/2026",NULL,28.000,"jamilags35@gmail.com"
"S00161","Farah Khribi","Abonnement 7 J journée complet","DU 05/05/2026 AU 11/05/2026",NULL,28.000,"jamilags35@gmail.com"
"S00160","Fatma Daoud","Abonnement 30 J journée complet","DU 05/05/2026 AU 03/06/2026",NULL,88.000,"fatmadaoud@gmail.com"
"S00158","Trabelsi Malek","Abonnement 14 J journée complet","DU 05/05/2026 AU 18/05/2026",NULL,48.000,"malektrabelsi620@gmail.com"
"S00157","Zayneb Turki","Abonnement 7 J journée complet","DU 04/05/2026 AU 10/05/2026",NULL,28.000,"zeinbtk@gmail.com"
"S00156","Emna Chaari","Abonnement 7 J journée complet","DU 04/05/2026 AU 10/05/2026",NULL,28.000,"chaariemna00@icloud.com"
"S00155","Youssef Ouarda","Abonnement 7 J journée complet","DU 04/05/2026 AU 10/05/2026",NULL,28.000,"youssefwerda06@gmail.com"
"S00154","Hiba Chekir","Abonnement 7 J journée complet","DU 04/05/2026 AU 10/05/2026",NULL,28.000,"houbachekir123@gmail.com"
"S00153","Mohammed Masmoudi","Abonnement 7 J journée complet","DU 03/05/2026 AU 09/05/2026",NULL,28.000,"masmoudi.mohamed01@icloud.com"
"S00152","Youssef Dammak","Abonnement 30 J journée complet","DU 03/05/2026 AU 01/06/2026",NULL,88.000,"shacosall33@gmail.com"
"S00151","Yessine Mesfar","Abonnement 7 J journée complet","DU 03/05/2026 AU 09/05/2026",NULL,28.000,"yessinemesfar3@gmail.com"
"S00150","Donia Jemni","Abonnement 7 J journée complet","DU 03/05/2026 AU 09/05/2026",NULL,28.000,"doniajemni20@gmail.com"
"S00149","Grati Ahmed","Abonnement 7 J journée complet","DU 03/05/2026 AU 09/05/2026",NULL,28.000,"ahmedgrati001@gmail.com"
"S00148","Amal Kossentini","Abonnement 30 J journée complet","DU 03/05/2026 AU 01/06/2026",NULL,88.000,"kossentiniAmal@gmail.com"
"S00147","Nour Houda Masmoudi","Abonnement 7 J journée complet","DU 02/05/2026 AU 08/05/2026",NULL,28.000,NULL
"S00146","Mariam chtioui","Abonnement 7 J journée complet","DU 01/05/2026 AU 07/05/2026",NULL,28.000,"mariemchtioui123@gmail.com"
"S00145","Ali Msaed","Abonnement 7 J journée complet","DU 01/05/2026 AU 07/05/2026",NULL,28.000,"alimsaed764@gmail.com"
"S00144","Sabrine Ghorbel","Abonnement 7 J journée complet","DU 01/05/2026 AU 07/05/2026",NULL,28.000,"sabrineghorbel@gmail.com"
"S00143","Yosr Abid","Abonnement 7 J journée complet","DU 01/05/2026 AU 07/05/2026",NULL,28.000,"abidyosr4@gmail.com"
"S00142","Mariem Naifar","Abonnement 14 J journée complet","DU 01/05/2026 AU 14/05/2026",NULL,48.000,"naifarmariem00@gmail.com"
"S00141","Malek Gharbi","Abonnement 7 J journée complet","DU 30/04/2026 AU 06/05/2026",NULL,28.000,"gharbimalek55@gmail.com"
"S00140","Firas Hdidar","Abonnement 7 J journée complet","DU 29/04/2026 AU 05/05/2026",NULL,28.000,"halimabenchikha55@gmail.com"
"S00139","Ranim Masmoudi","Abonnement 7 J journée complet","DU 29/04/2026 AU 05/05/2026",NULL,28.000,"masmoudiranim@gmail.com"
"S00138","Zayneb Turki","Abonnement 7 J journée complet","DU 27/04/2026 AU 03/05/2026",NULL,28.000,"zeinbtk@gmail.com"
"S00136","Grati Ahmed","Abonnement 7 J Demi-journée","DU 26/04/2026 AU 02/05/2026",NULL,24.000,"ahmedgrati001@gmail.com"
"S00137","Emna Chaari","Abonnement 7 J journée complet","DU 27/04/2026 AU 03/05/2026",NULL,28.000,"chaariemna00@icloud.com"
"S00135","Rayen Trabelsi","Abonnement 7 J Demi-journée","DU 24/04/2026 AU 30/04/2026",NULL,24.000,"rayentrabelsi1234@gmail.com"
"S00134","Sabrine Ghorbel","Abonnement 7 J journée complet","DU 24/04/2026 AU 30/04/2026",NULL,28.000,"sabrineghorbel@gmail.com"
"S00133","Adam Ben Haj Selem","Abonnement 14 J journée complet","DU 23/04/2026 AU 06/05/2024",NULL,48.000,"adamhadil2322@gmail.com"
"S00132","Malek Gharbi","Abonnement 7 J journée complet","DU 23/04/2026 AU 29/04/2026",NULL,28.000,"gharbimalek55@gmail.com"
"S00131","Eya Chermiti","Abonnement 7 J journée complet","DU 21/04/2026 AU 27/04/2026",NULL,28.000,"eyachermiti03@gmail.com"
"S00130","Saif Jarboui","Abonnement 30 J journée complet","DU 19/04/2026 AU 18/05/2026",NULL,88.000,"saifjarboui2025@gmail.com"
"S00128","Amal Mtibaa","Abonnement 14 J journée complet","DU 19/04/2026 AU 03/05/2026",NULL,48.000,"amalmtibaa09@gmail.com"
"S00127","Grati Ahmed","Abonnement 7 J Demi-journée","DU 19/04/2026 AU 25/04/2026",NULL,24.000,"ahmedgrati001@gmail.com"
"S00126","Nourhen Tahri","Abonnement 14 J journée complet","DU 16/04/2026  AU 29/04/2026",NULL,48.000,NULL
"S00125","Safa Grati","Abonnement 2 Mois Journée Complet","DU 14/04/2026 AU 12/06/2026","<p>Offre Révision Bac</p>",148.000,"safa.grati20@gmail.com"
"S00124","Malek Gharbi","Abonnement 7 J journée complet","DU 14/04/2026 AU 20/04/2026",NULL,28.000,"gharbimalek55@gmail.com"
"S00123","Mahmoud Charfi","Abonnement 14 J journée complet","DU 13/04/2026 AU 26/04/2026",NULL,48.000,"mahmoudcharfi19@gmail.com"
"S00122","Sabrine Ghorbel","Abonnement 7 J journée complet","DU 12/04/2026 AU 18/04/2026",NULL,28.000,"sabrineghorbel@gmail.com"
"S00121","Ahmed Smaoui","Abonnement 14 J journée complet","DU 09/04/2026 AU 22/04/2026",NULL,48.000,"ahmedsmaoui016@gmail.com"
"S00120","Moemen Baklouti","Abonnement 2 Mois Journée Complet","DU 09/04/2026 AU 07/06/2026","<p>Offre&nbsp;Révision Bac</p>",148.000,"moemenbaklouti166@gmail.com"
"S00119","Zayd Zouari","Abonnement 30 J journée complet","DU 09/04/2026 AU 08/05/2026",NULL,88.000,"zaidzouari@gmail.com"
"S00118","Rahma Dhouib","Abonnement 14 J journée complet","DU 07/04/2026 AU 20/04/2026",NULL,48.000,NULL
"S00117","Sofien Abdallah","Abonnement 7 J journée complet","DU 07/04/2026 AU 13/04/2026",NULL,28.000,"soufienabdallah200@gmail.com"
"S00116","Yasmine Mtibaa","Abonnement 7 J journée complet","DU 06/04/2026 AU 12/04/2026",NULL,28.000,"yasminemtibaa@gmail.com"
"S00115","Malek Gharbi","Abonnement 7 J journée complet","DU 06/04/2026 AU 12/04/2026",NULL,28.000,"gharbimalek55@gmail.com"
"S00114","Amal Mtibaa","Abonnement 14 J journée complet","DU 05/04/2026 AU 18/04/2026",NULL,48.000,"amalmtibaa09@gmail.com"
"S00113","Ahmed Derbel","Abonnement 30 J journée complet","DU 02/04/2026 AU 01/05/2026",NULL,88.000,"derbelahmed011@gmail.com"
"S00111","Amal Kossentini","Abonnement 30 J journée complet","DU 02/04/2026 AU 01/05/2026",NULL,88.000,"kossentiniAmal@gmail.com"
"S00100","Safa Grati","Abonnement 30 J journée complet","DU 15/03/2026 AU 13/04/2026","<p>PROMO RAMADAN 2026 (PACK 4)</p>",78.000,"safa.grati20@gmail.com"
"S00110","Ahmed Smaoui","Abonnement 14 J journée complet","DU 26/03/2026 AU 08/04/2026",NULL,48.000,"ahmedsmaoui016@gmail.com"
"S00109","Malek Gharbi","Abonnement 7 J journée complet","DU 29/03/2026 AU 04/04/2026",NULL,28.000,"gharbimalek55@gmail.com"
"S00108","Emna Zouch","Abonnement 14 J journée complet","DU 27/03/2026 AU 09/04/2026",NULL,48.000,"emnazouch186@gmail.com"
"S00107","Eya Chermiti","Abonnement 7 J journée complet","DU 26/03/2026 AU 01/04/2026",NULL,28.000,"eyachermiti03@gmail.com"
"S00106","Sabrine Ghorbel","Abonnement 7 J journée complet","DU 24/03/2025 AU 30/03/2025",NULL,28.000,"sabrineghorbel@gmail.com"
"S00105","Amira belhassen","Abonnement 7 J Demi-journée","DU 23/03/2026 AU 29/03/2026",NULL,24.000,NULL
"S00104","Amin Kammoun","Abonnement 7 J journée complet","DU 16/03/2026 AU 22/03/2026",NULL,28.000,NULL
"S00103","Hadil Hadj Taieb","Abonnement 14 J journée complet","DU 16/03/2026 AU 29/03/2026","<p>PROMO RAMADAN 2026 (PACK 5)</p>",42.000,"hadilhjt1@gmail.com"
"S00102","Emna Khrifeche","Abonnement 14 J journée complet","DU 15/03/2026 AU 28/03/2026","<p>PROMO RAMADAN 2026 (PACK 5)</p>",42.000,"khrifeche@gmail.com"
"S00101","Hbiba Daoud","Abonnement 14 J journée complet","DU 15/03/2026 AU 28/03/2026","<p>PROMO RAMADAN 2026 (PACK 5)</p>",42.000,"habibadaoud76@gmail.com"
"S00099","Ahlem Louati","Abonnement 30 J journée complet","DU 14/03/2026 AU 12/04/2026",NULL,88.000,NULL
"S00098","Ahmed Smaoui","Abonnement 14 J journée complet","DU 12/03/2026 AU 25/03/2026","<p>
PROMO RAMADAN 2026 (PACK 5)

</p>",42.000,"ahmedsmaoui016@gmail.com"
"S00097","Farah Trabelsi","Abonnement 7 J journée complet","DU 13/03/2026 AU 19/03/2026",NULL,28.000,"farahtrabelsi49@gmail.com"
"S00096","Moemen Baklouti","Abonnement 30 J journée complet","DU 10/03/2026 AU 08/04/2026","<p>PROMO RAMADAN 2026 (PACK 4)</p>",78.000,"moemenbaklouti166@gmail.com"
"S00095","Ahmed Kriaa","Abonnement 30 J journée complet","DU 17/02/2026 AU 18/03/2026","<p>PROMO RAMADAN 2026 (PACK 4)</p>",78.000,NULL
"S00094","Amine Triki","Abonnement 14 J journée complet","DU 08/03/2026 AU 21/03/2026","<p>PROMO RAMADAN 2026 (PACK 5)</p>",42.000,"aminetriki@gmail.com"
"S00093","Amin Kammoun","Abonnement 7 J journée complet","DU 08/03/203 AU 14/03/2026",NULL,28.000,NULL
"S00092","Fatma Daoud","Abonnement 14 J journée complet","DU 01/03/2026 AU 14/03/2026","<p>PROMO RAMADAN 2026 (PACK 5)</p>",42.000,"fatmadaoud@gmail.com"
"S00091","Taha Derbel","Abonnement 14 J journée complet","DU 26/02/2026 AU 11/03/2026","<p>PROMO RAMADAN 2026 (PACK 5)</p>",42.000,"derbeltaha060@gmail.com"
"S00090","Eya Boudawara","Abonnement 14 J journée complet","DU 26/02/2026 AU 11/03/2026","<p>PROMO RAMADAN 2026 (PACK 5)</p>",42.000,"eyaboudawara03@gmail.com"
"S00089","Yassine Kssentini","Abonnement 14 J journée complet","DU 23/02/2026 AU 08/03/2026","<p>PROMO RAMADAN 2026 (PACK 5)</p>",42.000,"yassinekssentin@gmail.com"
"S00088","Ayoub Ghorbel","Abonnement 14 J journée complet","DU 22/02/2026 AU 07/03/2026","<p>PROMO RAMADAN 2026 (PACK 5)</p>",42.000,"ayoubghorbel111@gmail.com"
"S00087","Amine Ben Messaoud","Abonnement 14 J journée complet","DU 20/02/2026 AU 05/03/2026","<p>PROMO RAMADAN 2026 (PACK 5)</p>",42.000,"amine.bmsd@gmail.com"
"S00086","Amal Mtibaa","Abonnement 14 J journée complet","DU 20/02/2026 AU 05/03/2026","<p>PROMO RAMADAN 2026 (PACK 5)</p>",42.000,"amalmtibaa09@gmail.com"
"S00084","Ahmed Derbel","Abonnement 30 J journée complet","DU 19/02/2026 AU 20/03/2026","<p>PROMO RAMADAN 2026 ( PACK 4&nbsp;)</p>",78.000,"derbelahmed011@gmail.com"
"S00083","Ahlem Lahyeni","Abonnement 30 J journée complet","DU 18/02/2026 AU 20/03/2026",NULL,78.000,"lahyaniahlem07@gmail.com"
"S00082","Mahdi Bellassoued","Abonnement 30 J journée complet","DU 16/02/2026 AU 17/03/2026","<p>PROMO RAMADAN 2026</p>",78.000,"mahdibellassoued456@gmail.com"
"S00081","Ahlem Louati","Abonnement 30 J journée complet","DU 12/02/2026 AU 13/03/2026",NULL,88.000,NULL
"S00080","Eya Boudawara","Abonnement 14 J journée complet","DU 06/02/2026 AU 19/02/2026",NULL,48.000,"eyaboudawara03@gmail.com"
"S00079","Adli Bellili","Abonnement 30 J journée complet","DU 09/02/2026 AU 10/03/2026",NULL,88.000,"adlibellili107@gmail.com"
"S00078","Safa Grati","Abonnement 30 J journée complet","DU 09/02/2026 AU 10/03/2026",NULL,88.000,"safa.grati20@gmail.com"
"S00077","Ahmed Derbel","Abonnement 7 J journée complet","DU 08/02/2026 AU 14/02/2026",NULL,26.000,"derbelahmed011@gmail.com"
"S00076","Moemen Baklouti","Abonnement 30 J journée complet","DU 08/02/2026 AU 09/03/2026",NULL,88.000,"moemenbaklouti166@gmail.com"
"S00074","Manar Chakroun","Abonnement 30 J journée complet","DU 03/02/2026 AU 02/03/2026",NULL,88.000,"manarchakroun19@gmail.com"
"S00073","Hadil Hadj Taieb","Abonnement 7 J journée complet","DU 02/01/2026 AU 08/02/2026","<p>PROMO VACANCES DE RÉVISION</p>",26.000,"hadilhjt1@gmail.com"
"S00072","Moemen Baklouti","Abonnement 7 J journée complet","DU 01/02/2026 AU 07/02/2026","<p>PROMO VACANCES DE RÉVISION&nbsp;</p>",26.000,"moemenbaklouti166@gmail.com"
"S00071","Safa Grati","Abonnement 7 J journée complet","DU 01/02/2026 AU 07/02/2026 ","<p>PROMO VACANCES DE RÉVISION&nbsp;<strong></strong></p>",26.000,"safa.grati20@gmail.com"
"S00069","Mohamed Aziz Ghram","Abonnement 90 J journée complet","DU 26/01/2026 AU 25/05/2026","<p>OFFRE CHIKHA : 3 Mois + 1 Mois Gratuit</p>",248.000,"ghramaziz75@gmail.com"
"S00068","Ahmed Kriaa","Abonnement 30 J journée complet","DU 19/01/2026 AU 17/02/2026",NULL,88.000,NULL
"S00067","Mohamed Njah","Abonnement 7 J Demi-journée","DU 20/01/2026 AU 26/01/2026",NULL,24.000,"njehmed7@gmail.com"
"S00066","Nesrine Bahloul","Abonnement 30 J journée complet","DU 19/01/2026 AU 17/02/2026",NULL,88.000,"dr.bahloul.nesrine@gmail.com"
"S00065","Amina Derbel","Abonnement 90 J journée complet","DU 14/01/2026 AU 13/05/2026","<p>OFFRE CHIKHA : 3 Mois + 1 Mois Gratuit</p>",248.000,"aminaderbel123@gmail.com"
"S00064","Yessin Weda","Abonnement 90 J journée complet","DU 08/01/2026 AU 07/05/2026","<p>OFFRE CHIKHA :&nbsp; 3 Mois + 1 Mois Gratuit</p>",248.000,"wedayessin@gmail.com"
"S00063","Mariem Naifar","Abonnement 7 J Demi-journée","DU 07/01/2026 AU 13/01/2026",NULL,24.000,"naifarmariem00@gmail.com"
"S00062","Emna Zouch","Abonnement 7 J journée complet","DU  07/01/2026 AU  13/01/2026",NULL,28.000,"emnazouch186@gmail.com"
"S00059","Rahma Khribi","Abonnement 30 J journée complet","DU 06/01/2026 AU 04/02/2026",NULL,88.000,"rahmakhribi749@gmail.com"
"S00058","Saif Jarboui","Abonnement 7 J journée complet","DU 05/01/2026 AU 11/01/2026",NULL,28.000,"saifjarboui2025@gmail.com"
"S00057","STE MOBILE STATION SALES","Pack Silver","DU 01/09/2025 AU 31/08/2026","<p>Contrat Domiciliation Du 01/09/2025 Au 31/08/2026</p>",1071.000,NULL
"S00055","Becem Briki","Abonnement 7 J journée complet","DU 01/01/2026 AU 07/01/2026","<p>
Promo Vacance Hiver 2025


</p>",25.000,"bessembriki91@gmail.com"
"S00054","Wejden Badri","Abonnement 7 J journée complet","DU 01/01/2026 AU 07/01/2026","<p>
Promo Vacance Hiver 2025


</p>",25.000,"badriwejden10@gmail.com"
"S00053","Ala Ben Ayed","Abonnement 7 J journée complet","DU 01/01/2026 AU 07/01/2026","<p>
Promo Vacance Hiver 2025


</p>",25.000,"benayedala998@gmail.com"
"S00052","Ahmed Enaceur","Abonnement 7 J journée complet","DU 01/01/2026 AU 07/01/2026","<p>
Promo Vacance Hiver 2025


</p>",25.000,"naserahmed.contact@gmail.com"
"S00051","Mariem Naifar","Abonnement 7 J journée complet","DU 31/12/2025 AU 06/01/2026","<p>
Promo Vacance Hiver 2025


</p>",25.000,"naifarmariem00@gmail.com"
"S00050","Zaineb Sefi","Abonnement 7 J journée complet","DU 30/12/2025 AU 05/01/2026","<p>Promo Vacance Hiver 2025</p>",25.000,"sefizaineb95@gmail.com"
"S00049","Zaineb Chtourou","Abonnement 7 J journée complet","DU 30/01/2025 AU 05/01/2026","<p>Promo Vacance Hiver 2025</p>",25.000,"zainebchtourou2020@gmail.com"
"S00048","Amina Derbel","Abonnement 7 J journée complet","DU 30/12/2025 AU 05/01/2026","<p>Promo Vacance Hiver 2025</p>",25.000,"aminaderbel123@gmail.com"
"S00047","Anas Besbes","Abonnement 30 J journée complet","DU 22/12/2025 AU 18/01/2026","<p>Promo Vacances Hiver 2025</p>",80.000,"anasbesbes8@gmail.com"
"S00046","Yessin Weda","Abonnement 7 J journée complet","DU 28/12/2025 AU 03/01/2026","<p>Promo Vacances Hiver 2025</p>",25.000,"wedayessin@gmail.com"
"S00045","Rahma Khribi","Abonnement 7 J journée complet","DU 29/12/2025 AU 04/01/2026","<p>Promo Vacances Hiver 2025</p>",25.000,"rahmakhribi749@gmail.com"
"S00044","Mohamed Aziz Ghram","Abonnement 30 J journée complet","DU 29/12/2025 AU 25/01/2026","<p>Promo Vacances Hiver 2025</p>",80.000,"ghramaziz75@gmail.com"
"S00043","Sabrine Ghorbel","Abonnement 7 J journée complet","DU 29/12/2025 AU 04/01/2026","<p>Promo Vacances Hiver 2025</p>",25.000,"sabrineghorbel@gmail.com"
"S00042","Ahmed Kriaa","Abonnement 30 J journée complet","DU 20/12/2025 AU 18/01/2026",NULL,88.000,NULL
"S00041","Mahdi Bellassoued","Abonnement 7 J journée complet","DU 24/12/2025 AU 30/12/2025","<p>
Promo Vacances Hiver 2025


</p>",25.000,"mahdibellassoued456@gmail.com"
"S00040","Taha Derbel","Abonnement 14 J journée complet","DU 24/12/2025 AU 22/01/2026","<p>
Promo Vacances Hiver 2025


</p>",45.000,"derbeltaha060@gmail.com"
"S00039","Emna Khrifeche","Abonnement 7 J journée complet","DU 24/12/2025 AU 30/12/2025","<p>
Promo Vacances Hiver 2025


</p>",25.000,"khrifeche@gmail.com"
"S00038","Hbiba Daoud","Abonnement 7 J journée complet","DU 24/12/2025 AU 30/12/2025","<p>
Promo Vacances Hiver 2025


</p>",25.000,"habibadaoud76@gmail.com"
"S00037","Ahmed Enaceur","Abonnement 7 J journée complet","DU 23/12/2025 AU 29/12/2025","<p>
Promo Vacances Hiver 2025 


</p>",25.000,"naserahmed.contact@gmail.com"
"S00036","Wejden Badri","Abonnement 7 J journée complet","DU 23/12/2025 AU 29/12/2025","<p>
Promo Vacances Hiver 2025 


</p>",25.000,"badriwejden10@gmail.com"
"S00035","Ala Ben Ayed","Abonnement 7 J journée complet","DU 23/12/2025 AU 29/12/2025","<p>
Promo Vacances Hiver 2025 


</p>",25.000,"benayedala998@gmail.com"
"S00034","Zaineb Chtourou","Abonnement 7 J journée complet","DU 23/12/2025 AU 29/12/2025","<p>
Promo Vacances Hiver 2025 


</p>",25.000,"zainebchtourou2020@gmail.com"
"S00033","Zayneb Ben Makhlouf","Abonnement 14 J journée complet","DU 22/12/2025 AU 04/01/2026","<p>Promo Vacances 40 dt au lieu 48 dt</p>",40.000,"zaynebbenmakhlouf@gmail.com"
"S00032","Trabelsi Malek","Abonnement 14 J journée complet","DU 22/12/2025 AU 04/01/2026","<p>Promo Vacances 40 dt au lieu 48 dt</p>",40.000,"malektrabelsi620@gmail.com"
"S00031","Omar Mnejja","Abonnement 30 J journée complet","DU 22/12/2025 AU 20/01/2026",NULL,88.000,"omar.mnejja03@gmail.com"
"S00030","Hadil Hadj Taieb","Abonnement 14 J journée complet","DU 22/12/2025 AU 04/01/2026","<p>Promo Vacances&nbsp;40 dt au lieu 48 dt</p>",40.000,"hadilhjt1@gmail.com"
"S00029","Sabrine Ghorbel","Abonnement 7 J journée complet","DU 22/12/2025 AU 28/12/2025","<p>Promo Vacances Hiver 2025&nbsp;</p>",25.000,"sabrineghorbel@gmail.com"
"S00028","Yesmine Gdoura","Abonnement 14 J journée complet","DU 18/12/2025 AU 31/12/2025","<p>Promo Vacances 40 dt au lieu 48 dt&nbsp;</p>",40.000,"gdourayesmine3@gmail.com"
"S00027","Saoussan Aydi","Abonnement 14 J journée complet","DU 22/12/2024 AU 04/01/2026","<p>Promo Vacances 40 dt au lieu 48 dt&nbsp;</p>",40.000,"aidi-nis@yahoo.fr"
"S00026","Amina Derbel","Abonnement 7 J journée complet","DU 15/12/2025 AU 21/12/2025",NULL,28.000,"aminaderbel123@gmail.com"
"S00025","Ahmed Derbel","Abonnement 30 J journée complet","DU 14/12/2025 AU 12/01/2026",NULL,88.000,"derbelahmed011@gmail.com"
"S00024","Yassine Kssentini","Abonnement 7 J journée complet","DU 07/12/2025 AU 13/12/2025",NULL,28.000,"yassinekssentin@gmail.com"
"S00023","Amine Ben Messaoud","Abonnement 7 J journée complet","DU 07/12/2025 AU 13/12/2025",NULL,28.000,"amine.bmsd@gmail.com"
"S00022","Med Amine Bouhamed","Abonnement 7 J journée complet","DU 07/12/2025 AU 13/12/2025",NULL,28.000,"mohamedbouhames@gmail.com"
"S00021","Emna Zouch","Abonnement 30 J journée complet","DU 07/12/2025 AU 06/01/2026",NULL,80.000,"emnazouch186@gmail.com"
"S00020","Mohamed Aziz Ghram","Abonnement 30 J journée complet","DU 01/12/2025 AU 30/12/2025","<p>PROMO 25% Black Friday</p>",66.000,"ghramaziz75@gmail.com"
"S00017","Yosri Hassairi","Abonnement 7 J Demi-journée","DU 26/11/2025 AU 02/12/2025",NULL,24.000,"hassairiyosri11@gmail.com"
"S00016","Ahmed Kriaa","Abonnement 30 J journée complet","DU 20/11/2025 AU 19/12/2025",NULL,88.000,NULL
"S00015","Amina Derbel","Abonnement 30 J journée complet","DU 15/11/2025 AU 14/12/2025",NULL,80.000,"aminaderbel123@gmail.com"
"S00014","Koulthoum Neili","Abonnement 7 J journée complet","DU 13//11/2025 AU 19/11/2025",NULL,28.000,"neilikoulthoum@gmail.com"
"S00013","Melek Ben Chikha","Abonnement 30 J journée complet","DU 11/11/2025 AU 10/12/2025",NULL,88.000,"melekbenchikha@gmail.com"
"S00012","Mariem Naifar","Abonnement 7 J Demi-journée","DU 08/11/2025 AU 14/11/2025",NULL,24.000,"naifarmariem00@gmail.com"
"S00011","Yassmine Masmoudi","Abonnement 7 J journée complet","DU 06/11/2025 AU 12/11/2025",NULL,28.000,NULL
"S00009","Emna Zouch","Abonnement 30 J journée complet","DU 04/11/2025 AU 03/12/2025",NULL,80.000,"emnazouch186@gmail.com"
"S00008","Nour Houda Masmoudi","Abonnement 7 J journée complet","DU 02/11/2025 AU 08/11/2025",NULL,28.000,NULL
"S00007","Ahmed Kriaa","Abonnement 30 J journée complet","DU 20/10/2025 AU 19/11/2025",NULL,88.000,NULL
"S00006","Chourouk Bouzguenda","Abonnement 14 J journée complet","DU 19/10/2025 AU 01/11/2025",NULL,48.000,NULL
"S00005","Rahma Dhouib","Abonnement 7 J journée complet","DU 16/10/2025 AU 22/10/2025",NULL,28.000,NULL
"S00004","Chourouk Bouzguenda","Abonnement 30 J journée complet","DU 15/09/2025 AU 14/10/2025",NULL,88.000,NULL
"S00003","Rahma Ayedi","Abonnement 90 J journée complet","DU 30/08/2025 AU 28/11/2025",NULL,248.000,NULL
"S00002","Ahmed Bahloul","Abonnement 30 J journée complet","DU 03/10/2025 AU 02/11/2025",NULL,88.000,NULL
"S00001","baya","Abonnement 30 J journée complet","DU  03/10/2025 AU 02/11/2025",NULL,88.000,"baya@bibliosquad.com"
